,model,accuracy,f1-score
0,DecisionTree,0.9091903719912473,0.9081350304371887
1,RandomForest,0.9028993435448578,0.9008102822017323
2,XGBoost,0.9028993435448578,0.9008102822017323
